,,,,,,,,,,,Demographic,,,,Clinical,,,,,,,
CovidenceID,PMID,Study ID,Title,publication.year,Study.location.1,Study.location.2,Number.of.samples.sequenced,Repository,Sequence.IDs.reported,SequenceID.article.location,Age,Gender,Race.Ethnicity.Nationality,demographic.article.location,Comorbilities,Inpatient/Outpatient,Outcomes,Severity,Signs/Symptoms,Treatment,Vaccination status,clinical.article.location
3439,36911398,KohLCW 2023,Sub genomic analysis of SARS-CoV-2 using short read amplicon-based sequencing.,2023, Singapore,,53,figshare,No,,No,No,No,,No,Yes,No,No,No,No,No,Text
3428,36934018,Chen 2023,Factors associated with viral rebound among COVID-19 patients receiving oral antivirals.,2023, Taiwan,,4,GISAID,Yes,Supplemental materials,Yes,Yes,No,Table,Yes,Yes,No,Yes,Yes,Yes,Yes,Text; table
3418,36888766,Campos 2023,"Genomic monitoring unveils a high prevalence of severe acute respiratory syndrome coronavirus 2 Omicron variant in vaccine breakthrough cases in Bahia, Brazil.",2023,Brazil,,29,GISAID,Yes,Text,Yes,Yes,No,Table,Yes,Yes,No,No,Yes,No,Yes,Text; table; Figure
3415,36875934,Jubair 2023,SARS-CoV-2 Omicron variants in Bangladesh: Pandemic to endemic.,2023, Bangladesh,,575,GISAID,No,,Yes,Yes,No,Text; Table,Yes,Yes,Yes,Yes,Yes,No,Yes,table
3403,36860855,Albreiki 2023,Risk of hospitalization and vaccine effectiveness among COVID-19 patients in the UAE during the Delta and Omicron outbreaks.,2023, Dubai, Northern Emirates,4618,GISAID,Yes,Text,Yes,Yes,Yes,Text; Table,No,Yes,No,No,No,No,Yes,Text; table; Supplemental
3398,36851541,Assato 2023,"Retrospective Insights of the COVID-19 Epidemic in the Major Latin American City, São Paulo, Southeastern Brazil.",2023,Brazil,,9995,GISAID,Yes,Supplemental materials,Yes,Yes,No,Supplemental,No,No,No,No,No,No,No,
3393,36851622,Veneziano 2023,The Spread of SARS-CoV-2 Omicron Variant in CALABRIA: A Spatio-Temporal Report of Viral Genome Evolution.,2023, Italy,,272,GenBank,Yes,Text; Supplemental materials,Yes,Yes,No,Supplemental,No,No,No,No,No,No,No,
3389,36851588,Villaseñor-Echavarri 2023,SARS-CoV-2 Genome Variations in Viral Shedding of an Immunocompromised Patient with Non-Hodgkin's Lymphoma.,2024, Mexico,,5,GISAID,No,,Yes,Yes,No,Text,Yes,Yes,Yes,Yes,Yes,Yes,Yes,Text
3385,36851491,Rocchigiani 2023,"Origin, Genetic Variation and Molecular Epidemiology of SARS-CoV-2 Strains Circulating in Sardinia (Italy) during the First and Second COVID-19 Epidemic Waves.",2023, Italy,,55,GISAID,Yes,Table,Yes,Yes,No,Table,No,No,No,No,No,No,No,
3383,36841870,Hirotsu 2023,Lung tropism in hospitalized patients following infection with SARS-CoV-2 variants from D614G to Omicron BA.2.,2023, Japan,,514,GISAID,No,,Yes,Yes,No,Text; Supplemental,Yes,Yes,Yes,Yes,Yes,Yes,Yes,Supplemental
3381,36826361,Ernst 2023,"A Molecular and Epidemiological Investigation of a Large SARS-CoV-2 Outbreak in a Long-Term Care Facility in Luxembourg, 2021.",2023, Luxembourg,,,GISAID,Yes,Supplemental materials,Yes,Yes,No,Table,No,Yes,Yes,No,No,No,Yes,Text
3375,36846745,Hosaka 2023,SARS-CoV-2 evolution among patients with immunosuppression in a nosocomial cluster of a Japanese medical center during the Delta (AY.29 sublineage) surge.,2023, Japan,,20,GISAID,Yes,Figure,Yes,Yes,No,Text; Table,Yes,Yes,No,No,Yes,Yes,Yes,Text; table; Figure
3366,36814518,Davis 2023,How the Commonwealth of the Northern Mariana Islands stalled COVID-19 for 22 months and managed its first significant community transmission.,2023, Commonwealth of the Northern Mariana Islands,,2945,GISAID,No,,Yes,No,Yes,Text; Figure,No,Yes,Yes,No,Yes,No,Yes,Text
3364,36820315,Khosravi 2023,Severe Acute Respiratory Syndrome Coronavirus 2 Evolution and Escape From Combination Monoclonal Antibody Treatment in a Person With HIV.,2023,N/R,,12,Sequence read archive (SRA); BioProject,Yes,Text; Supplemental materials,Yes,Yes,Yes,Text,Yes,Yes,Yes,Yes,Yes,Yes,Yes,Text
3362,36800345,Devi 2023,Transcriptionally active nasopharyngeal commensals and opportunistic microbial dynamics define mild symptoms in the COVID 19 vaccination breakthroughs.,2023,India,,58,Sequence read archive (SRA); BioProject,No,,Yes,Yes,No,Text; Table,Yes,Yes,No,Yes,Yes,Yes,Yes,Text; table; Figure
3361,36844451,Duerr 2023,Delta-Omicron recombinant escapes therapeutic antibody neutralization.,2023,United States,,1,GISAID; Sequence read archive (SRA),Yes,Text; Table,Yes,Yes,No,Text; Table,Yes,Yes,Yes,No,Yes,Yes,Yes,Text; table
3352,36796985,Kanteh 2023,"Genomic epidemiology of SARS-CoV-2 infections in The Gambia: an analysis of routinely collected surveillance data between March, 2020, and January, 2022.",2023, The Gambia,,1638,GISAID;  NCBI (unspecified),Yes,Supplemental materials,Yes,Yes,No,Supplemental,No,No,No,No,Yes,No,No,Text
3349,36786950,Quispe-Ricalde 2023,"Evidence of natural selection and dominance of SARS-CoV-2 variant Lambda (C.37) over variants of concern in Cusco, Peru.",2023, Peru,,46,GISAID,Yes,Text; Figure; Supplemental materials,Yes,Yes,No,Text; Supplemental,No,No,No,No,Yes,No,Yes,Text; Supplemental
3338,36768696,Gladkikh 2023,Comparative Analysis of Library Preparation Approaches for SARS-CoV-2 Genome Sequencing on the Illumina MiSeq Platform.,2023, Russia,,40,GISAID,Yes,Text,No,No,No,,No,Yes,No,No,No,No,No,Text
3322,36791724,Chaguza 2023,Accelerated SARS-CoV-2 intrahost evolution leading to distinct genotypes during chronic infection.,2023,United States,,30,GISAID; Sequence read archive (SRA),Yes,Supplemental materials,Yes,No,No,Text; Table,Yes,Yes,No,Yes,Yes,Yes,Yes,Text
3316,36750921,Anscombe 2023,A comparison of four epidemic waves of COVID-19 in Malawi; an observational cohort study.,2023, Malawi,,55,GenBank; GISAID,No,Supplemental materials,Yes,Yes,No,Supplemental,Yes,Yes,Yes,No,Yes,Yes,No,Supplemental
3308,36732505,Normandin 2023,High-depth sequencing characterization of viral dynamics across tissues in fatal COVID-19 reveals compartmentalized infection.,2023,United States,,51,GenBank;  NCBI (unspecified),Yes,Text,Yes,Yes,Yes,Text; Table,Yes,No,Yes,No,No,No,No,Text; table; Figure
3304,36744069,Massi 2023,"Sequence analysis of SARS-CoV-2 Delta variant isolated from Makassar, South Sulawesi, Indonesia.",2023, Indonesia,,34,GISAID,Yes,Supplemental materials,Yes,Yes,No,Table,Yes,No,No,Yes,Yes,No,No,table
3292,36711329,Doke 2022,"SARS-CoV-2 breakthrough infections during the second wave of COVID-19 at Pune, India.",2023,India,,587,GenBank; GISAID,Yes,Text; Supplemental materials,Yes,Yes,No,Text; Table,Yes,Yes,Yes,Yes,No,No,Yes,Text; table
3290,36696405,Adeyemi 2023,"SARS-CoV-2 variants-associated outbreaks of COVID-19 in a tertiary institution, North-Central Nigeria: Implications for epidemic control.",2023, Nigeria,,74,GISAID,Yes,Supplemental materials,Yes,Yes,No,Text; Table; Supplemental,Yes,No,No,No,Yes,No,No,Text; table; Supplemental
3286,36472422,Hossain 2023,Genome Sequences of 23 SARS-CoV-2 Omicron-Lineage Strains from Bangladesh.,2022, Bangladesh,,23,GenBank; GISAID; Sequence read archive (SRA),Yes,Text; Table,Yes,Yes,No,Table,No,No,No,Yes,Yes,No,Yes,table
3285,36448812,Paulino-Ramírez 2023,"Genome Sequence of a Recombinant SARS-CoV-2 Lineage XAM (BA.1.1/BA.2.9) Strain from a Clinical Sample in Santo Domingo, Dominican Republic.",2022, Dominican Republic,,1,GenBank; GISAID; Sequence read archive (SRA); BioProject,Yes,Text,Yes,No,No,Text,No,No,No,Yes,Yes,No,No,Text
3281,36700580,Sgorlon 2023,Clinical and epidemiological aspects of Delta and Gamma SARS-CoV-2 variant of concern from the western Brazilian Amazon.,2022,Brazil,,540,GISAID,Yes,Text,Yes,Yes,No,Text,No,Yes,Yes,No,Yes,No,Yes,Text; table
3271,36680143,Cicchitto 2022,Effectiveness of Sotrovimab in the Omicron Storm Time: A Case Series.,2022, Italy,,14,GISAID,Yes,Text,Yes,Yes,No,Table,Yes,Yes,Yes,Yes,Yes,Yes,Yes,Text; table
3261,36679850,Oo 2022,Genomic Tracking of SARS-CoV-2 Variants in Myanmar.,2022, Myanmar,,83,GISAID,Yes,Table,Yes,Yes,No,Table,No,No,No,Yes,No,No,Yes,table
3257,36672914,Majed 2023,SARS-CoV-2 Omicron Variant Genomic and Phylogenetic Analysis in Iraqi Kurdistan Region.,2023, Iraq,,1,GISAID,Yes,Text,Yes,Yes,No,Text; Table,No,Yes,No,No,Yes,No,Yes,Text; table
3238,36684874,Haddad-Boubaker 2022,"The Delta variant wave in Tunisia: Genetic diversity, spatio-temporal distribution and evidence of the spread of a divergent AY.122 sub-lineage.",2023, Tunisia ,,662,GISAID,Yes,Supplemental materials,Yes,Yes,No,Text; Figure,No,No,No,No,No,No,No,
3236,36649247,Begnel 2023,HIV and SARS-CoV-2 infection in postpartum Kenyan women and their infants.,2023, Kenya,,2,GISAID,Yes,Text,Yes,Yes,No,Table,Yes,Yes,Yes,No,Yes,No,No,Text
3233,36690516,Huang 2023,Outbreak investigation in a COVID-19 designated hospital: The combination of phylogenetic analysis and field epidemiology study suggesting airborne transmission.,2023, Taiwan ,,45,GISAID,Yes,Supplemental materials,Yes,Yes,No,Table,Yes,Yes,No,No,Yes,Yes,Yes,Text; table
3226,36695479,Novazzi 2023,"Genomic surveillance of SARS-CoV-2 positive passengers on flights from China to Italy, December 2022.",2023, Italy,,61,GISAID,Yes,Table,Yes,Yes,No,Text,No,No,No,No,No,No,No,Text
3225,36687316,Miyamoto 2023,Non-Omicron breakthrough infection with higher viral load and longer vaccination-infection interval improves SARS-CoV-2 BA.4/5 neutralization.,2023, Japan,,138,GISAID,No,,Yes,Yes,No,Supplemental,No,No,No,Yes,No,No,Yes,Supplemental
3218,36627290,Stanevich 2023,SARS-CoV-2 escape from cytotoxic T cells during long-term COVID-19.,2023,India,,7,GISAID; BioProject,Yes,Text,No,Yes,No,Text,Yes,Yes,No,Yes,No,Yes,No,Text; Figure
3213,36643735,Adam 2023,Risk of within-hotel transmission of SARS-CoV-2 during on-arrival quarantine in Hong Kong: an epidemiological and phylogenomic investigation.,2023, Hong Kong,,350,GISAID,No,,Yes,Yes,No,Supplemental,No,No,No,No,No,No,No,
3206,36604461,Venkatakrishnan 2023,Expanding repertoire of SARS-CoV-2 deletion mutations contributes to evolution of highly transmissible variants.,2023,United States,,102,GISAID,Yes,Text,Yes,Yes,Yes,Supplemental,Yes,Yes,No,No,No,No,Yes,Text; Supplemental
3200,36593369,VarelaAPM 2023,Genomic evidence of SARS-CoV-2 reinfection cases in southern Brazil.,2023,Brazil,,6,GISAID,Yes,Table,Yes,Yes,No,Text; Table,No,No,No,No,Yes,No,Yes,Text; table
3189,36586487,Goya 2023,"Assessing the hidden diversity underlying consensus sequences of SARS-CoV-2 using VICOS, a novel bioinformatic pipeline for identification of mixed viral populations.",2023, Argentina,,1097,GISAID; BioProject,Yes,Text; Supplemental materials,No,No,No,,No,No,No,No,No,No,No,
3184,36579069,López-Farfán 2022,Prevalence of SARS-CoV-2 and co-infection with malaria during the first wave of the pandemic (the Burkina Faso case).,2022, Burkina Faso,,13,ENA,Yes,Text; Table,Yes,Yes,No,Text; Table; Supplemental,No,No,No,No,Yes,No,No,Text
3182,36590492,Salimović-Bešić 2022,The SARS-CoV-2 Delta (B.1.617.2) variant with spike N501Y mutation in the shadow of Omicron emergence.,2022, Bosnia and Herzegovina,,2,GISAID,Yes,Text; Figure,Yes,Yes,No,Text,Yes,Yes,Yes,Yes,Yes,Yes,Yes,Text
3171,36556222,Fogolari 2022,SARS-CoV-2 Variants in COVID-19 Disease: A Focus on Disease Severity and Vaccine Immunity in Patients Admitted to the Emergency Department.,2022, Italy,,43,GISAID,Yes,Text,Yes,Yes,No,Text,Yes,Yes,Yes,No,Yes,No,Yes,Text; table
3166,36547242,Acuña-Castillo 2022,Genomic Evidence Suggests Viral Persistence of SARS-CoV-2 for 386 Days in Health Worker: A Case Report from Santiago of Chile.,2022, Chile,,2,BioProject; BioSample,Yes,Text,Yes,Yes,No,Text,Yes,No,No,No,Yes,No,No,Text
3165,36568782,Choi 2022,Detection of SARS-CoV-2 infection clusters: The useful combination of spatiotemporal clustering and genomic analyses.,2022, Switzerland ,,172,GISAID; ENA,Yes,Supplemental materials,Yes,Yes,No,Text; Supplemental,No,No,No,No,No,No,No,
3163,36453916,Gunawardana 2022,Clinical SARS-CoV-2 Kinetic Profiles Are Dependent on the Viral Strain and Host Vaccination Status.,2022,United States,,32,GenBank,Yes,Text,Yes,Yes,No,Text,Yes,No,No,No,Yes,Yes,Yes,Text
3159,36346252,Salmona 2022,Detection of SARS-CoV-2 in Saliva and Nasopharyngeal Swabs According to Viral Variants.,2022, France,,134,GISAID,Yes,Supplemental materials,Yes,Yes,No,Text; Table,No,No,No,No,No,No,No,
3157,36409093,Bousali 2022,Tracing the First Days of the SARS-CoV-2 Pandemic in Greece and the Role of the First Imported Group of Travelers.,2022, Greece,,23,GISAID,Yes,Table,Yes,Yes,No,Text; Table,No,Yes,No,No,No,No,No,Text
3146,36528712,Bordoy 2022,Monitoring SARS-CoV-2 variant transitions using differences in diagnostic cycle threshold values of target genes.,2022, Spain,,"4,618",GISAID,Yes,Supplemental materials,Yes,Yes,No,Text,No,No,No,No,No,No,No,
3144,36522489,Alteri 2022,"A proof-of-concept study on the genomic evolution of Sars-Cov-2 in molnupiravir-treated, paxlovid-treated and drug-naïve patients.",2022, Italy,,65,ENA,Yes,Text,Yes,Yes,No,Text; Table,Yes,No,No,No,Yes,Yes,No,Text; table; Supplemental; Figure
3129,36523785,Dai 2022,Identification of severe acute respiratory syndrome coronavirus 2 breakthrough infections by anti-nucleocapsid antibody among fully vaccinated non-healthcare workers during the transition from the delta to omicron wave.,2022,United States,,3,GenBank,Yes,Table,Yes,Yes,Yes,Table,No,No,No,Yes,Yes,No,Yes,Text; table
3123,36498998,Gushchin 2022,Dynamics of SARS-CoV-2 Major Genetic Lineages in Moscow in the Context of Vaccine Prophylaxis.,2022, Russia,,3508,GISAID,Yes,Text,No,No,No,,No,No,No,No,No,No,Yes,Text
3120,36494499,Zornikova 2022,Clonal diversity predicts persistence of SARS-CoV-2 epitope-specific T-cell response.,2022, Russia,,50,ENA,Yes,Text,Yes,Yes,No,Text; Supplemental,No,No,No,Yes,No,Yes,Yes,Text; Supplemental
3116,36600354,Gill 2022,"What is the prevalence of COVID-19 detection by PCR among deceased individuals in Lusaka, Zambia? A postmortem surveillance study.",2022, Zambia,,96,GISAID,No,,Yes,Yes,No,Text; Table; Supplemental,No,Yes,Yes,No,Yes,No,No,Text; table; Supplemental; Figure
3115,36504818,Dingemans 2022,Investigating SARS-CoV-2 breakthrough infections per variant and vaccine type.,2022, The Netherlands,,225,GISAID,Yes,Supplemental materials,Yes,Yes,No,Text; Table; Supplemental,No,No,Yes,Yes,Yes,No,Yes,Text; table; Supplemental
3111,36483394,Reeves 2022,Severe acute respiratory coronavirus virus 2 (SARS-CoV-2) infections occurring in healthcare workers after booster vaccination: A comparison of delta versus omicron variants.,2022,United States,,279,GISAID,No,,Yes,Yes,Yes,Table,Yes,Yes,No,No,Yes,No,Yes,table
3102,36048527,Morris 2022,SARS-CoV-2 reinfections during the Delta and Omicron waves.,2022,United States,,127,GISAID,Yes,Supplemental materials,Yes,Yes,No,Text; Figure,Yes,Yes,No,No,Yes,No,Yes,Text; Figure
3100,36464472,Buenestado-Serrano 2022,First confirmation of importation and transmission in Spain of the newly identified SARS-CoV-2 B.1.1.7 variant.,2022, Spain,,8,GISAID,Yes,Text,Yes,Yes,No,Text,Yes,Yes,No,No,Yes,Yes,No,Text
3096,36467294,Sansom 2022,Genomic Investigation to Identify Sources of Severe Acute Respiratory Syndrome Coronavirus 2 Infection Among Healthcare Personnel in an Acute Care Hospital.,2022,United States,,664,GISAID,Yes,Supplemental materials,Yes,Yes,No,Table,No,No,No,No,Yes,No,No,Text
3093,36322955,Wei 2022,"Probable Aerosol Transmission of SARS-CoV-2 through Floors and Walls of Quarantine Hotel, Taiwan, 2021.",2022, Taiwan,,3,GISAID,Yes,Text; Figure,No,No,No,,No,Yes,No,No,No,No,Yes,Text; Figure
3088,36496300,Liu 2023,Evolution of neutralizing antibodies and cross-activity against different variants of SARS-CoV-2 in patients recovering from COVID-19.,2023, Taiwan,,12,GISAID,Yes,Supplemental materials,Yes,Yes,No,Table,Yes,No,Yes,Yes,Yes,Yes,No,Text; table
3084,36435798,Donovan-Banfield 2022,Characterisation of SARS-CoV-2 genomic variation in response to molnupiravir treatment in the AGILE Phase IIa clinical trial.,2022,UK,,180,Sequence read archive (SRA),Yes,Supplemental materials,Yes,Yes,Yes,Supplemental,No,No,No,Yes,Yes,Yes,Yes,Text; table; Supplemental; Figure
3082,36423117,Lai 2022,Epidemiological and Clinical Features of SARS-CoV-2 Variants Circulating between April-December 2021 in Italy.,2022, Italy,,4375,GISAID,No,,Yes,Yes,No,Text,No,Yes,Yes,No,Yes,No,Yes,Text; Supplemental; Figure
3081,36366521,DantasACS 2022,"Retrospective Analysis of the SARS-CoV-2 Infection Profile in COVID-19 Positive Patients in Vitoria da Conquista, Northeast Brazil.",2022,Brazil,,71,GISAID,Yes,Supplemental materials,Yes,Yes,No,Text; Table; Supplemental,Yes,No,Yes,Yes,No,No,No,Text; table; Supplemental
3071,36448028,Koné 2023,Dynamics of SARS-CoV-2 variants characterized during different COVID-19 waves in Mali.,2023, Mali,,80,GISAID,Yes,Text,Yes,Yes,No,Text; Table,No,No,No,No,Yes,No,No,Text; table
3070,36359452,Deminco 2022,A Simplified Sanger Sequencing Method for Detection of Relevant SARS-CoV-2 Variants.,2022,Brazil,,103,GenBank; GISAID,Yes,Supplemental materials,Yes,Yes,No,Text,Yes,Yes,No,No,Yes,No,No,Text
3061,36408542,Vu 2022,Absence of antibody responses to SARS-CoV-2 N protein in COVID-19 vaccine breakthrough cases.,2022,United States,,3,GISAID,Yes,Text; Supplemental materials,Yes,Yes,Yes,Table,Yes,No,No,No,No,No,Yes,Text; table; Figure
3052,36289399,Choudhary 2022,Emergence of SARS-CoV-2 escape mutations during Bamlanivimab therapy in a phase II randomized clinical trial.,2022,,,973,Sequence read archive (SRA),Yes,Text,Yes,Yes,Yes,Table,No,Yes,No,No,Yes,Yes,No,Text; table
3050,36214224,Seaman 2022,Vaccine breakthrough infection leads to distinct profiles of neutralizing antibody responses by SARS-CoV-2 variant.,2022,,,50,GenBank,Yes,Text,Yes,Yes,No,Table,No,No,No,No,Yes,No,Yes,Text; table
3043,36250864,Al-RashediNAM 2022,Genome Sequence of an Early Imported Case of SARS-CoV-2 Delta Variant (B.1.617.2 AY.122) in Iraq in April 2021.,2022, Iraq,,1,GenBank; GISAID; Sequence read archive (SRA),Yes,Text,Yes,Yes,No,Text,No,No,No,No,Yes,No,No,Text
3040,36314788,Piewbang 2022,"SARS-CoV-2 Transmission from Human to Pet and Suspected Transmission from Pet to Human, Thailand.",2022, Thailand,,4,GenBank,Yes,Text; Table,No,Yes,No,Table,No,No,No,No,Yes,No,Yes,Text; table
3037,36405589,Zaman 2022,Omicron BA.2 lineage predominance in severe acute respiratory syndrome coronavirus 2 positive cases during the third wave in North India.,2022,India,,147,GISAID,Yes,Text; Supplemental materials,Yes,Yes,No,Text; Table; Supplemental,Yes,Yes,No,No,Yes,No,Yes,Text; table; Supplemental
3031,36362544,Ahangarzadeh 2022,Association of Clinical Features with Spike Glycoprotein Mutations in Iranian COVID-19 Patients.,2022, Iran,,60,GenBank,Yes,Supplemental materials,Yes,Yes,Yes,Supplemental,No,No,No,No,Yes,No,No,Text; table
3014,36348341,Khamadi 2022,"Whole-genome sequence analysis reveals the circulation of multiple SARS-CoV-2 variants of concern in Nairobi and neighboring counties, Kenya between March and July 2021.",2022, Kenya,,64,GISAID,Yes,Text,Yes,Yes,No,Text,No,No,No,No,No,No,No,
3002,36339137,Joshi 2022,Lack of evidence of viability and infectivity of SARS-CoV-2 in the fecal specimens of COVID-19 patients.,2022,India,,4,GISAID,Yes,Text,Yes,Yes,No,Text; Table,No,No,No,No,Yes,No,No,Text; table
2996,36098494,Saade 2022,Dynamics of viral shedding during ancestral or Omicron BA.1 SARS-CoV-2 infection and enhancement of pre-existing immunity during breakthrough infections.,2022, France,,71,GISAID,Yes,Supplemental materials,Yes,Yes,No,Table,Yes,Yes,No,No,Yes,No,No,Text; table
2985,36338321,Panzera 2022,Emergence and spreading of the largest SARS-CoV-2 deletion in the Delta AY.20 lineage from Uruguay.,2022, Uruguay,,37,GenBank,Yes,Table,Yes,Yes,No,Table,Yes,Yes,No,Yes,No,No,Yes,Text; table
2982,36309507,Douglas 2022,Tracing the international arrivals of SARS-CoV-2 Omicron variants after Aotearoa New Zealand reopened its border.,2022, New Zealand,,"10,403",GenBank,Yes,Text,No,No,No,,No,Yes,No,No,No,No,No,Text
2977,36320663,Zhang 2022,"An imported human case with the SARS-CoV-2 Omicron subvariant BA.2.75 in Yunnan Province, China.",2022, China,,1,GISAID,Yes,Text,Yes,Yes,No,Text,No,Yes,No,Yes,No,No,Yes,Text
2974,36301829,vanBeek 2022,"Population-based screening in a municipality after a primary school outbreak of the SARS-CoV-2 Alpha variant, the Netherlands, December 2020-February 2021.",2022, The Netherlands,,418,GISAID,Yes,Text,Yes,No,No,Text; Table; Supplemental,No,No,No,No,Yes,No,No,Text; table; Supplemental
2972,36298869,Pinheiro 2022,"Impact of Early Pandemic SARS-CoV-2 Lineages Replacement with the Variant of Concern P.1 (Gamma) in Western Bahia, Brazil.",202,Brazil,,112,GISAID,Yes,Supplemental materials,Yes,Yes,No,Supplemental,No,No,Yes,No,No,No,No,Text; Supplemental; Figure
2966,36296230,AlbaJMG 2022,Emergence of New SARS-CoV2 Omicron Variants after the Change of Surveillance and Control Strategy.,2022, Spain,,445,GISAID,Yes,Text; Supplemental materials,Yes,Yes,No,Table; Supplemental,No,No,No,No,No,No,No,
2572,35850933,Abbas 2022,Reconstruction of transmission chains of SARS-CoV-2 amidst multiple outbreaks in a geriatric acute-care hospital: a combined retrospective epidemiological and genomic study.,2022, Switzerland,,148,GenBank,Yes,Text,Yes,Yes,No,Table,No,No,No,No,Yes,No,No,table
2518,35699426,Agoti 2022,Transmission networks of SARS-CoV-2 in Coastal Kenya during the first two waves: A retrospective genomic study.,2022, Kenya,,1139,GISAID,Yes,Supplemental materials,Yes,Yes,Yes,Table,No,No,No,No,No,No,No,
2456,35759503,Abdullaev 2022,Genome sequence diversity of SARS-CoV-2 obtained from clinical samples in Uzbekistan.,2022, Uzbekistan,,39,GISAID;  Supplemental file,Yes,Text,Yes,Yes,No,Text; Table; Figure,Yes,Yes,No,Yes,No,No,No,Text
2346,35663867,Agius 2022,SARS-CoV-2 Within-Host and in vitro Genomic Variability and Sub-Genomic RNA Levels Indicate Differences in Viral Expression Between Clinical Cohorts and in vitro Culture.,2022, Australia,,84,Sequence read archive (SRA); BioProject; BioSample,Yes,Text,Yes,Yes,No,Text; Table; Supplemental,No,No,No,Yes,Yes,No,No,Text; table; Supplemental
2343,35637329,Aggarwal 2022,Platform for isolation and characterization of SARS-CoV-2 variants enables rapid characterization of Omicron in Australia.,2022, Australia,,19,GISAID; BioProject,Yes,Text; Supplemental materials,Yes,Yes,No,Text; Supplemental,No,No,No,No,No,No,Yes,Text
2264,38843052,Vergouwe 2024,A Robust Severe Acute Respiratory Syndrome Coronavirus 2 (SARS-CoV-2)-Specific T- and B-Cell Response Is Associated With Early Viral Clearance in SARS-CoV-2 Omicron-Infected Immunocompromised Individuals.,2024, Netherlands,,78,GISAID,Yes,Supplemental materials,Yes,Yes,No,Table; Supplemental,Yes,Yes,Yes,Yes,Yes,Yes,Yes,table; Supplemental
2261,39162510,Mostafa 2024,Respiratory virus disease and outcomes at a large academic medical center in the United States: a retrospective observational study of the early 2023/2024 respiratory viral season.,2024,United States,,920,GISAID,Yes,Supplemental materials,Yes,Yes,No,Table; Supplemental,Yes,No,No,No,No,No,No,table; Supplemental
2254,39338420,FonsecaPLC 2024,"Retrospective Analysis of Omicron in Minas Gerais, Brazil: Emergence, Dissemination, and Diversification.",2024,Brazil,,253,GISAID,Yes,Supplemental materials,Yes,Yes,No,Table; Figure,No,No,Yes,No,No,No,Yes,table; Figure
2236,39300352,Karmacharya 2024,"COVID-19 breakthrough infections in vaccinated individuals at BPKIHS, Nepal.",2024, Nepal,,3,GISAID,Yes,Text,Yes,Yes,No,Text; Table,Yes,Yes,No,No,Yes,No,Yes,Text; table; Figure
2230,39290577,Al-Emran 2024,Emergence of SARS-CoV-2 Variants Are Induced by Coinfections With Dengue.,2024, Bangladesh,,12,GISAID,Yes,Text,Yes,Yes,No,Table,No,No,Yes,No,Yes,No,No,table
2218,39190434,Harrigan 2024,The Clinical Severity of COVID-19 Variants of Concern: Retrospective Population-Based Analysis.,2024, Canada,,0,Not Reported,No,,Yes,Yes,Yes,Text; Table; Supplemental,Yes,Yes,No,Yes,Yes,No,Yes,table; Supplemental
2216,39251760,Shiino 2024,Molecular epidemiology of SARS-CoV-2 genome sentinel surveillance in commercial COVID-19 testing sites targeting asymptomatic individuals during Japan's seventh epidemic wave.,2024, Japan,,8266,GenBank; BioProject; BioSample,Yes,Text; Supplemental materials,Yes,Yes,Yes,Text; Supplemental,No,No,No,No,No,No,No,
2199,39205237,Begum 2024,Comprehensive Analysis of SARS-CoV-2 Dynamics in Bangladesh: Infection Trends and Variants (2020-2023).,2024, Bangladesh,,"33,090",GISAID,No,,Yes,Yes,No,Text; Table; Figure,No,No,No,No,No,No,No,
2196,39203538,Kim 2024,Comparable Efficacy of Lopinavir/Ritonavir and Remdesivir in Reducing Viral Load and Shedding Duration in Patients with COVID-19.,2024, South Korea,,7,GISAID,Yes,Supplemental materials,Yes,Yes,No,Supplemental,Yes,No,No,No,Yes,Yes,No,Supplemental
2194,39109863,Sivertsen 2024,Comprehensive contact tracing during an outbreak of alpha-variant SARS-CoV-2 in a rural community reveals less viral genomic diversity and higher household secondary attack rates than expected.,2024, Norway,,121,ENA,Yes,,Yes,Yes,No,Figure,No,No,No,No,Yes,No,Yes,Text
2154,39085807,AlcantaraDMC 2024,"Long-term surveillance of SARS-CoV-2 in the school community from Campo Grande, Brazil.",2024,Brazil,,741,GISAID,Yes,Supplemental materials,Yes,Yes,No,Text; Table,No,No,No,Yes,Yes,No,Yes,Text; table
2153,39080396,Selvavinayagam 2024,"Emergence of SARS-CoV-2 omicron variant JN.1 in Tamil Nadu, India - Clinical characteristics and novel mutations.",2024,India,,66,GenBank,Yes,Supplemental materials,Yes,Yes,No,Figure,Yes,Yes,No,Yes,Yes,Yes,Yes,Figure
2144,39066305,FerreiradaSilva 2024,"Insights into SARS-CoV-2 Surveillance among Prison Populations in Mato Grosso do Sul, Brazil, in 2022.",2024,Brazil,,28,GISAID,Yes,Table,Yes,Yes,No,Text; Table,No,No,No,No,Yes,No,Yes,Figure
2142,39066383,Gudina 2024,Tailoring COVID-19 Vaccination Strategies in High-Seroprevalence Settings: Insights from Ethiopia.,2024,  Ethiopia,,574,Sequence read archive (SRA); BioProject; BioSample,Yes,Text,Yes,Yes,No,Table; Supplemental,Yes,No,No,No,No,No,Yes,table; Supplemental
2137,39065097,Bicchieraro 2024,"SARS-CoV-2 Molecular Evolution: A Focus on Omicron Variants in Umbria, Italy.",2024, Italy,,3300,GISAID,No,,Yes,Yes,No,Text; Table,No,Yes,No,Yes,Yes,No,Yes,Text; table
2133,39063569,DiSpigna 2024,The Behaviour of IL-6 and Its Soluble Receptor Complex during Different Waves of the COVID-19 Pandemic.,2024, Italy,,157,GenBank,No,,Yes,Yes,No,Table,Yes,No,Yes,No,No,No,No,Text; table
2125,39039137,Piccoli 2024,Genomic surveillance and vaccine response to the dominant SARS-CoV-2 XBB lineage in Rio Grande do Sul.,2024,Brazil,,729,GISAID,Yes,Text; Supplemental materials,Yes,Yes,No,Text; Table; Supplemental,No,No,Yes,No,No,No,Yes,Text; Supplemental; Figure
2118,39014481,Goldswain 2024,SARS-CoV-2 population dynamics in immunocompetent individuals in a closed transmission chain shows genomic diversity over the course of infection.,2024, Unknown ,,25,Sequence read archive (SRA); BioProject; BioSample,Yes,Table,Yes,Yes,No,Text,Yes,Yes,No,No,Yes,No,Yes,Text; table; Supplemental; Figure
2117,39015352,Choga 2024,Low Prevalence of Nirmatrelvir-Ritonavir Resistance-Associated Mutations in SARS-CoV-2 Lineages From Botswana.,2024, Botswana,,5254,GISAID,Yes,Text; Table,Yes,Yes,No,Table,No,No,No,No,No,Yes,No,Text
2110,38651907,JonyMHK 2024,Emergence of SARS-CoV-2 Omicron sub-lineage JN.1 in Bangladesh.,2024, Bangladesh,,14,GenBank; GISAID; Sequence read archive (SRA); BioProject,Yes,Text; Table,Yes,Yes,Yes,Table,No,No,No,No,Yes,No,No,table
2108,38656213,Tahsin 2024,"Coding-complete genomes of 18 SARS-CoV-2 Omicron JN.1, JN.1.4, and JN.1.11 sub-lineages in Bangladesh.",2024, Bangladesh,,18,GenBank; GISAID; Sequence read archive (SRA),Yes,Table,Yes,Yes,Yes,Table,No,No,No,No,No,No,Yes,table
2098,38963881,Tramuto 2024,SARS-CoV-2 genomic surveillance of migrants arriving to Europe through the Mediterranean routes.,2024, Italy,,472,GISAID,Yes,Supplemental materials,Yes,Yes,Yes,Text; Table; Supplemental,No,No,No,Yes,Yes,No,No,table
2092,38940865,deProst 2024,"Clinical phenotypes and outcomes associated with SARS-CoV-2 Omicron sublineage JN.1 in critically ill COVID-19 patients: a prospective, multicenter cohort study in France, November 2022 to January 2024.",2024, France,,233,GenBank,No,,Yes,Yes,No,Table,Yes,Yes,Yes,Yes,Yes,Yes,Yes,table
2079,38921818,Ereqat 2024,Epidemiological Characterization and Genetic Variation of the SARS-CoV-2 Delta Variant in Palestine.,2024, Palestine,,571,GISAID,Yes,Text,Yes,Yes,No,Supplemental,No,No,No,No,No,No,No,
2058,38882660,Ayubov 2024,Most accurate mutations in SARS-CoV-2 genomes identified in Uzbek patients show novel amino acid changes.,2024, Uzbekistan,,17,GenBank; GISAID,Yes,Text; Table; Supplemental materials,Yes,Yes,No,Table; Supplemental,No,No,No,No,Yes,No,No,Text
2039,37922037,Glueck 2024,Impaired immune responses and prolonged viral replication in lung allograft recipients infected with SARS-CoV-2 in the early phase after transplantation.,2024, Germany,,NR,GISAID,No,Text,Yes,Yes,No,Text; Table; Supplemental,No,Yes,Yes,Yes,Yes,Yes,Yes,Text; table; Supplemental; Figure
2035,38781929,Bankers 2024,"SARS-CoV-2 Disease Severity and Cycle Threshold Values in Children Infected during Pre-Delta, Delta, and Omicron Periods, Colorado, USA, 2021-2022.",2024,United States,,1269,GenBank; GISAID; Sequence read archive (SRA); BioProject; BioSample,Yes,Supplemental materials,Yes,Yes,Yes,Text; Table,Yes,Yes,No,Yes,Yes,Yes,Yes,Text; table
2033,38763300,Wang 2024,Associations between genetic mutations in different SARS-CoV-2 strains and negative conversion time of viral RNA among imported cases in Hangzhou: A cross-sectional study.,2024, China,,146,GenBank,Yes,Text,Yes,Yes,Yes,Table,Yes,No,No,No,Yes,No,Yes,Text; table; Supplemental; Figure
2002,38746751,daSilvaACVF 2024,"Genomic surveillance and serological profile of SARS-CoV-2 variants circulating in Macaé and nearby cities, southeastern Brazil.",2024,Brazil,,1,GenBank; GISAID,Yes,Text,Yes,No,No,Text,No,No,No,No,Yes,No,Yes,Figure
1999,38728305,Päll 2024,SARS-CoV-2 clade dynamics and their associations with hospitalisations during the first two years of the COVID-19 pandemic.,2024, Estonia and Germany ,,25375,GenBank,Yes,Text; Supplemental materials,Yes,Yes,Yes,Text; Table,No,Yes,Yes,No,Yes,Yes,Yes,Text; table
1994,38714751,Er 2024,Multimodal data fusion using sparse canonical correlation analysis and cooperative learning: a COVID-19 cohort study.,2024, Turkey,,149,GISAID,No,,Yes,Yes,No,Text; Table,Yes,Yes,Yes,Yes,Yes,Yes,Yes,Text; table
1992,38715113,Feng 2024,Evidence of SARS-CoV-2 convergent evolution in immunosuppressed patients treated with antiviral therapies.,2024,United States,,210,BioProject,Yes,Text,Yes,Yes,Yes,Text; Supplemental,Yes,Yes,No,Yes,Yes,Yes,Yes,Text; table; Supplemental; Figure
1991,38316363,Chen 2024,Quantitative and qualitative subgenomic RNA profiles of SARS-CoV-2 in respiratory samples: A comparison between Omicron BA.2 and non-VOC-D614G.,2024, China,,456,GISAID; BioSample,Yes,Supplemental materials,Yes,Yes,No,Table; Supplemental,No,No,No,No,Yes,No,No,table
1983,38698947,Rios-Guzman 2024,COVID-19 outbreak and genomic investigation in an inpatient behavioral health unit.,2024,United States,,22,GISAID,Yes,Supplemental materials,Yes,Yes,Yes,Table,No,No,No,No,Yes,No,Yes,Text
1977,38684722,Igari 2024,Dynamic diversity of SARS-CoV-2 genetic mutations in a lung transplantation patient with persistent COVID-19.,2024, Japan,,8,GISAID; Sequence read archive (SRA); BioProject; BioSample,Yes,Text,Yes,No,No,Text,Yes,Yes,Yes,No,Yes,Yes,Yes,Text; Figure
1970,38668234,Oktavianthi 2024,Whole-Genome Sequencing and Mutation Analyses of SARS-CoV-2 Isolates from Indonesia.,2024, Indonesia,,276,GISAID,Yes,Text,Yes,Yes,Yes,Text; Table; Supplemental,No,Yes,No,No,No,Yes,Yes,Text; table; Supplemental
1968,38675989,Qu 2024,"Characterizing Infections in Two Epidemic Waves of SARS-CoV-2 Omicron Variants: A Cohort Study in Guangzhou, China.",2024, China,,58, National Genomics Data Center,Yes,Text,Yes,Yes,No,Table,No,No,No,No,Yes,No,Yes,table
1960,38658426,Bay 2024,COVID-19 associated pulmonary aspergillosis in critically-ill patients: a prospective multicenter study in the era of Delta and Omicron variants.,2024, France,,566,GISAID,No,,Yes,Yes,No,Table,Yes,Yes,Yes,Yes,Yes,Yes,Yes,table
1951,38638575,Futatsusako 2024,Longitudinal analysis of genomic mutations in SARS-CoV-2 isolates from persistent COVID-19 patient.,2024, Japan,,4,GISAID,Yes,Text; Table,Yes,Yes,Yes,Text; Figure,Yes,Yes,Yes,Yes,Yes,Yes,Yes,Text; Figure
1946,38433460,Lozano 2024,"COVID-19 outbreak at a residential apartment building in Northern Ontario, Canada.",2024, Canada,,24,GISAID; Sequence read archive (SRA),Yes,Supplemental materials,Yes,Yes,Yes,Table,No,No,No,No,Yes,No,No,Text; table
1942,38623229,Fokam 2024,SARS-CoV-2 genomic surveillance and reliability of PCR single point mutation assay (SNPsig® SARS-CoV-2 EscapePLEX CE) for the rapid detection of variants of concern in Cameroon.,2024, Cameroon,,163,GenBank,Yes,Text,Yes,Yes,No,Text,No,No,No,No,No,No,No,
1936,38605705,Liu 2024,Characteristics of SARS-CoV-2 Omicron BA.5 variants in Shanghai after ending the zero-COVID policy in December 2022: a clinical and genomic analysis.,2024, China,,,GISAID,Yes,Text,Yes,Yes,No,Table,Yes,Yes,No,No,Yes,No,No,table
1931,38512312,García-López 2024,Exploration of low-frequency allelic variants of SARS-CoV-2 genomes reveals coinfections in Mexico occurred during periods of VOCs turnover.,2024, Mexico,,"29,661",GISAID,Yes,Text,Yes,No,Yes,Text,No,Yes,Yes,Yes,No,No,No,Text
1928,38601544,Acuña-Castillo 2024,A retrospective study suggests 55 days of persistence of SARS-CoV-2 during the first wave of the pandemic in Santiago de Chile.,2024, Chile,,2,BioSample,Yes,Text,Yes,Yes,No,Text,Yes,No,No,No,Yes,No,No,
1925,38527669,Khairnar 2024,COVID-19 genome surveillance: A geographical landscape and mutational mapping of SARS-CoV-2 variants in central India over two years.,2024,India,,3002,GISAID;   Indian biological data centre (IBDC),Yes,Supplemental materials,Yes,Yes,Yes,Text,No,Yes,Yes,No,No,No,Yes,table
1904,38566991,Goguet 2024,Immune and behavioral correlates of protection against symptomatic post-vaccination SARS-CoV-2 infection.,2024,,,13, Infectious Disease Clinical Research Program - contactus@idcrp.org,No,,Yes,Yes,Yes,Text; Table; Supplemental,Yes,No,No,No,No,No,Yes,
1901,38481049,Lee 2024,"Risk factors for SARS-CoV-2 transmission during a movie theater outbreak in Incheon in the Republic of Korea, November 2021: a retrospective study.",2024, South Korea,,77,GISAID,Yes,Supplemental materials,Yes,Yes,No,Text; Table,No,No,No,No,Yes,No,Yes,table
1895,38543865,Caldrer 2024,Changes in the Adaptive Cellular Repertoire after Infection with Different SARS-CoV-2 VOCs in a Cohort of Vaccinated Healthcare Workers.,2024, Italy,,35,GISAID,No,,Yes,Yes,No,Text; Table,No,No,Yes,No,Yes,No,Yes,Text; table; Supplemental; Figure
1894,38543811,Manuto 2024,Immune System Deficiencies Do Not Alter SARS-CoV-2 Evolutionary Rate but Favour the Emergence of Mutations by Extending Viral Persistence.,2024,,,52,GenBank; GISAID,Yes,Supplemental materials,Yes,Yes,No,Table; Supplemental,Yes,Yes,No,No,Yes,Yes,Yes,table
1890,38543518,Alsuwairi 2024,Genomic Surveillance and Mutation Analysis of SARS-CoV-2 Variants among Patients in Saudi Arabia.,2024, Saudi Arabia,,1161,GISAID,No,,Yes,Yes,Yes,Text,Yes,Yes,Yes,Yes,Yes,No,Yes,Text
1887,38536820,Nagasawa 2024,Changes in SARS-CoV-2 viral load and titers over time in SARS-CoV-2-infected human corpses.,2024, Japan,,9,GISAID,Yes,Text,Yes,No,No,Table,Yes,No,Yes,No,No,No,No,table
1886,38542524,Yip 2024,Development and Evaluation of an In-House Real-Time RT-PCR Targeting nsp10 Gene for SARS-CoV-2 Detection.,2024, China,,49,Not Reported,No,,Yes,Yes,No,Text,No,No,No,No,No,No,No,
1884,38490581,Khemiri 2024,"Dynamic of SARS-CoV-2 variants circulation in Tunisian pediatric population, during successive waves, from March 2020 to September 2022.",2024, Tunisian,,369,GISAID,Yes,Supplemental materials,Yes,Yes,Yes,Text; Figure,No,No,No,No,Yes,No,No,Text
1880,38492859,Glenet 2024,Structural impact of a new spike Y170W mutation detected in early emerging SARS-CoV-2 Omicron variants in France.,2024, France,,15,GISAID,No,,Yes,Yes,No,Text; Supplemental,No,No,No,No,Yes,No,Yes,Text; Supplemental
1878,38516384,AguilarTicona 2024,"Overestimation of Severe Acute Respiratory Syndrome Coronavirus 2 Household Transmission in Settings of High Community Transmission: Insights From an Informal Settlement Community in Salvador, Brazil.",2024,Brazil,,69,GISAID,Yes,Supplemental materials,Yes,Yes,No,Text; Table; Supplemental,No,No,No,No,Yes,No,Yes,Text; table; Supplemental
1865,38498428,Stosic 2024,"Factors associated with COVID-19 among hospitalized patients with severe acute respiratory infections in Serbia, 2022-2023: A test negative case-control study.",2024, Serbia,,22,GISAID,Yes,Text,Yes,Yes,No,Table; Supplemental,Yes,Yes,Yes,Yes,Yes,Yes,Yes,table; Supplemental
1863,38500504,Kimpel 2024,Detection of infectious SARS-CoV-2 in ocular samples is linked to viral load in the nasopharynx.,2024, Austria,,23, the fasta files is part of supplementary material,No,,Yes,Yes,No,Text; Table,Yes,Yes,Yes,No,Yes,Yes,No,Text; table
1862,38491050,Karim 2024,Clearance of persistent SARS-CoV-2 associates with increased neutralizing antibodies in advanced HIV disease post-ART initiation.,2024,  South Afric,,35,GenBank; GISAID,Yes,Text,Yes,Yes,No,Supplemental,Yes,No,No,No,Yes,Yes,Yes,Supplemental
1856,38481147,Emanuels 2024,"Remote surveillance and detection of SARS-CoV-2 transmission among household members in King County, Washington.",2024,United States,,32,GISAID,Yes,Table,Yes,No,Yes,Text; Table,Yes,No,No,No,Yes,No,No,Text; table
1849,38476940,Buendia 2024,Hospital antimicrobial stewardship: profiling the oral microbiome after exposure to COVID-19 and antibiotics.,2024,United States,,83,BioProject,No,Text,Yes,Yes,Yes,Text; Table,Yes,Yes,Yes,Yes,Yes,Yes,No,Text; table
1846,38334271,Ciubotariu 2024,Investigating the rise of Omicron variant through genomic surveillance of SARS-CoV-2 infections in a highly vaccinated university population.,2024,United States,,792,GISAID,Yes,Supplemental materials,Yes,Yes,No,Table,No,No,No,No,Yes,No,Yes,table
1837,38443359,Jaumdally 2024,"Frequency, kinetics and determinants of viable SARS-CoV-2 in bioaerosols from ambulatory COVID-19 patients infected with the Beta, Delta or Omicron variants.",2024, South Africa,,38,GenBank,Yes,Supplemental materials,Yes,Yes,No,Table,Yes,No,No,No,Yes,No,Yes,table
1830,38435775,Ahmadi 2023,"Comparison of Circulating Variants during the Beginning, Middle and the End of the 4th Wave of COVID-19 in Tehran Province, Iran in 2021.",2023, Iran,,15,GISAID,Yes,Table,Yes,Yes,No,Text; Table,No,Yes,No,No,No,No,No,table
1828,38383783,Ghafari 2024,Prevalence of persistent SARS-CoV-2 in a large community surveillance study.,2024,UK,,105020,ENA,Yes,Text,Yes,Yes,No,Supplemental,No,No,Yes,No,No,No,No,Supplemental
1813,38380034,Gerashchenko 2024,Genetic characteristics of SARS-CoV-2 virus variants observed upon three waves of the COVID-19 pandemic in Ukraine between February 2021-January 2022.,2024, Ukraine,,345,GISAID,Yes,Supplemental materials,Yes,Yes,No,Supplemental,No,No,No,No,Yes,No,No,Text
1796,38350887,Rhoden 2024,Diversity of Omicron sublineages and clinical characteristics in hospitalized patients in the southernmost state of Brazil.,2024,Brazil,,37,GISAID,Yes,Supplemental materials,Yes,Yes,No,Table,Yes,Yes,Yes,No,Yes,No,Yes,Text; table
1790,38335209,Asamoah 2024,"COVID-19 in patients presenting with malaria-like symptoms at a primary healthcare facility in Accra, Ghana.",2024, Ghana,,17,GISAID,Yes,Text,Yes,Yes,No,Table,Yes,No,No,No,Yes,No,Yes,Text; table
1784,38415978,Hasan 2024,Genetic determinants of SARS-CoV-2 and the clinical outcome of COVID-19 in Southern Bangladesh.,2024, Bangladesh,,102,GISAID,Yes,Text,Yes,Yes,No,Table; Figure,Yes,Yes,No,Yes,Yes,No,Yes,Text; table; Figure
1682,37952911,Choga 2024,Rapid dynamic changes of FL.2 variant: A case report of COVID-19 breakthrough infection.,2024, Botswana,,6,GISAID,Yes,Text,Yes,Yes,No,Text,Yes,Yes,Yes,No,Yes,Yes,Yes,Text
1607,37926155,Faye 2024,Detection of a cluster of Omicron's BA.4 sublineage in Northern Senegal and identification of the first XAS recombinant variant in Senegal.,2024, Senegal ,,11,GISAID,Yes,Supplemental materials,Yes,Yes,No,Text; Supplemental,No,No,No,No,Yes,No,No,Text; Supplemental
1558,37891657,Alisoltani 2023,Resurgence of SARS-CoV-2 Delta after Omicron variant superinfection in an immunocompromised pediatric patient.,2023,United States,,7,GISAID,Yes,Supplemental materials,Yes,No,No,Text,Yes,Yes,Yes,Yes,Yes,Yes,No,Text; Figure
1541,37868100,Adzdzakiy 2024,"SARS-CoV-2 genetic variation and bacterial communities of naso-oropharyngeal samples in middle-aged and elderly COVID-19 patients in West Java, Indonesia.",2023, Indonesia,,43,GISAID,Yes,Text; Supplemental materials,Yes,Yes,No,Text; Supplemental,No,No,No,No,No,No,No,
1525,37850062,Ahmadi 2023,SARS-CoV-2 in patient with protein C deficiency: A case report.,2023, Iran,,1,GISAID,Yes,Table,Yes,Yes,No,Text,Yes,Yes,Yes,Yes,Yes,Yes,No,Text; table
1413,37630601,Alexiev 2023,Early Detection of the Recombinant SARS-CoV-2 XAN Variant in Bulgaria: Initial Genomic Insights into Yet Another Piece of the Growing Puzzle of Recombinant Clades.,2023, Bulgaria,,1,GISAID,Yes,Text,Yes,Yes,No,Text,No,Yes,Yes,No,No,No,No,Text
1390,37573409,Akter 2023,Spike protein mutations and structural insights of pangolin lineage B.1.1.25 with implications for viral pathogenicity and ACE2 binding affinity.,2023, Bangladesh,,850,GISAID,Yes,Text; Table; Supplemental materials,Yes,Yes,No,Text; Supplemental,No,No,No,No,No,No,No,
1131,37124130,Abdelmalick 2023,Genomic Evidence of Multiple Introductions of SARS-CoV-2 in Mauritania.,2023," Mauritania, Africa",,13,GISAID,Yes,Text; Table,Yes,Yes,Yes,Text; Table,No,No,Yes,No,No,No,No,table
726,35112893,Bitew 2022,SARS-CoV-2 Genome Sequence Obtained from Ethiopia,2022, Ethiopia,,15,GenBank; GISAID; Sequence read archive (SRA); BioProject,Yes,Text; Table,Yes,Yes,No,Table,No,No,No,No,No,No,No,
725,35323016,BinManjur 2022,Genome Sequences of 25 SARS-CoV-2 Sublineage B.1.1.529 Omicron Strains in Bangladesh,2022, Bangladesh,,25,GenBank; GISAID; Sequence read archive (SRA),Yes,Text; Table,Yes,Yes,No,Table,No,No,No,No,Yes,No,Yes,table
719,35062291,Baumgarte 2022,Investigation of a Limited but Explosive COVID-19 Outbreak in a German Secondary School,2022, Germany,,26, OSF,No,,Yes,Yes,No,Table,No,No,No,No,Yes,No,No,Text
718,35603276,Banho 2022,Impact of SARS-CoV-2 Gamma lineage introduction and COVID-19 vaccination on the epidemiological landscape of a Brazilian city,,Brazil,,305,GISAID,Yes,Supplemental materials,Yes,Yes,No,Text; Supplemental,No,No,No,No,No,No,No,
716,35317348,Babiker 2022,Unrecognized introductions of SARS-CoV-2 into the US state of Georgia shaped the early epidemic,2022,United States,,47,GISAID; BioProject,Yes,Text; Supplemental materials,Yes,Yes,Yes,Table; Supplemental,Yes,Yes,Yes,Yes,Yes,Yes,No,table; Supplemental
714,35358277,Ayubov 2022,Profiling of the most reliable mutations from sequenced SARS-CoV-2 genomes scattered in Uzbekistan,2021, Uzbekistan,,18,GenBank; GISAID;  Supplemental,Yes,Text; Table; Supplemental materials,Yes,Yes,No,Text; Table,No,No,No,No,Yes,No,No,Text
712,35328105,Anwar 2022,Coronavirus Genomes and Unique Mutations in Structural and Non-Structural Proteins in Pakistani SARS-CoV-2 Delta Variants during the Fourth Wave of the Pandemic,2022, Pakistan,,20,GenBank; BioProject,Yes,Text,Yes,Yes,No,Table,No,No,No,No,Yes,No,No,Text
711,35280916,Angulo 2022,"Assessment of Mutations Associated With Genomic Variants of SARS-CoV-2: RT-qPCR as a Rapid and Affordable Tool to Monitoring Known Circulating Variants in Chile, 2021",2022, Chile,,636,GISAID,No,Text,Yes,Yes,No,Text,No,Yes,No,No,Yes,No,No,Text
710,34766651,Angeletti 2022,SARS-CoV-2 AY.4.2 variant circulating in Italy: Genomic preliminary insight,2022, Italy,,10,GISAID,Yes,Text; Supplemental materials,Yes,Yes,No,Text; Supplemental,No,No,No,Yes,Yes,No,No,Text
709,34842496,Andrés 2022,"A year living with SARS-CoV-2: an epidemiological overview of viral lineage circulation by whole-genome sequencing in Barcelona city (Catalonia, Spain)",2021, Spain,,2166,GISAID,No,,Yes,Yes,No,Text; Table,No,Yes,No,No,No,No,No,Text
706,35128118,Alotaibi 2022,"SARS-CoV-2 in Egypt: epidemiology, clinical characterization and bioinformatics analysis",2022, Egypt,,144,GenBank,Yes,Supplemental materials,Yes,Yes,No,Text; Table,No,Yes,Yes,No,Yes,No,No,Text; table
705,35367360,Alotaibi 2022,"Identification, propagation and molecular characterization of SARS-CoV-2 delta variant isolated from Egyptian COVID-19 patients",2022, Egypt,,20,GenBank; GISAID;  Supplemental file,Yes,Text; Supplemental materials,No,No,Yes,Text,No,No,No,No,Yes,No,No,Text
702,35208724,Alkhatib 2022,First Case of a COVID-19 Patient Infected by Delta AY.4 with a Rare Deletion Leading to a N Gene Target Failure by a Specific Real Time PCR Assay: Novel Omicron VOC Might Be Doing Similar Scenario?,2022, Italy,,1,GISAID,Yes,Text,Yes,Yes,Yes,Text,No,Yes,No,No,Yes,No,Yes,Text
696,35350713,Agwa 2022,Identifying SARS-CoV-2 Lineage Mutation Hallmarks and Correlating Them With Clinical Outcomes in Egypt: A Pilot Study,2022, Egypt,,35,GISAID,Yes,Table,Yes,Yes,Yes,Text; Table,Yes,Yes,No,Yes,Yes,No,No,Text; table
695,35136068,Aggarwal 2022,Genomic epidemiology of SARS-CoV-2 in a UK university identifies dynamics of transmission,2022,UK,,553,GISAID; Sequence read archive (SRA); ENA,Yes,Text; Supplemental materials,No,No,No,,No,Yes,No,No,Yes,No,No,Text
693,34982246,Afridi 2022,Genomic Characterization of SARS-CoV2 from Peshawar Pakistan Using Next-Generation Sequencing,2022, Pakistan,,1,GenBank,Yes,Text; Figure,No,No,No,,No,No,No,No,Yes,No,No,Text
692,35528635,Acuña-Castillo 2022,"First Identification of Reinfection by a Genetically Different Variant of SARS-CoV-2 in a Homeless Person from the Metropolitan Area of Santiago, Chile",2022, Chile,,2,BioProject; BioSample,Yes,Text,Yes,Yes,No,Text,Yes,No,No,No,No,No,No,Text
688,35343761,AbantoMarin 2022,"Genome Sequences of 408 SARS-CoV-2 Strains Obtained from Nasopharyngeal Swabs in La Araucanía Region, Southern Chile",2022, Chile,,408,GenBank; GISAID; Sequence read archive (SRA),Yes,Table,Yes,Yes,No,Table,No,Yes,Yes,No,No,No,Yes,table
218,34319130,Borges 2021,Long-Term Evolution of SARS-CoV-2 in an Immunocompromised Patient with Non-Hodgkin Lymphoma,2021, portugal,,,GISAID,Yes,Supplemental materials,Yes,Yes,No,Text,Yes,Yes,Yes,Yes,Yes,Yes,No,Text
214,34394051,Biswas 2021,Genomic Surveillance and Phylodynamic Analyses Reveal the Emergence of Novel Mutations and Co-mutation Patterns Within SARS-CoV-2 Variants Prevalent in India,2021,India,,54,GISAID,Yes,Supplemental materials,Yes,Yes,No,Text; Supplemental,No,No,No,No,No,No,No,
213,33387262,Billon-Denis 2021,Differential serological and neutralizing antibody dynamics after an infection by a single SARS-CoV-2 strain,2020, France,,2,GISAID,Yes,Text,Yes,Yes,No,Text,No,Yes,Yes,Yes,Yes,No,No,Text
210,33502471,Bhatnagar 2021,"Evidence of Severe Acute Respiratory Syndrome Coronavirus 2 Replication and Tropism in the Lungs, Airways, and Vascular Endothelium of Patients With Fatal Coronavirus Disease 2019: An Autopsy Case Series",2021,United States,,26,GenBank,Yes,Supplemental materials,Yes,Yes,No,Text; Table,Yes,No,Yes,No,No,No,No,Text; table
209,35047415,Bhat 2021,"Learning From Biological and Computational Machines: Importance of SARS-CoV-2 Genomic Surveillance, Mutations and Risk Stratification",2021,India,,92,GISAID,Yes,Text,Yes,Yes,No,Table; Supplemental,Yes,Yes,No,Yes,Yes,No,No,Text; table; Supplemental
206,34869069,Benslimane 2021,One Year of SARS-CoV-2: Genomic Characterization of COVID-19 Outbreak in Qatar,2021, Qatar,,2241,GISAID,Yes,Supplemental materials,Yes,Yes,Yes,Text; Table; Supplemental,No,No,No,No,No,No,No,
202,34846283,Barona-Gómez 2021,Phylogenomics and population genomics of SARS-CoV-2 in Mexico during the pre-vaccination stage reveals variants of interest B.1.1.28.4 and B.1.1.222 or B.1.1.519 and the nucleocapsid mutation S194L associated with symptoms,2021, Mexico,,82,GISAID;  popgen library,Yes,Supplemental materials,Yes,Yes,No,Supplemental,No,No,No,No,Yes,No,No,Supplemental
201,34854726,Banu 2021,Genome Sequencing of the SARS-CoV-2 Delta (B.1.617.2) Variant of Concern Detected in Bangladesh,2021, Bangladesh,,1,GenBank; Sequence read archive (SRA); BioProject,Yes,Text,Yes,Yes,No,Text,No,No,No,No,Yes,No,No,Text
200,33857136,Ballesteros 2021,Deciphering the introduction and transmission of SARS-CoV-2 in the Colombian Amazon Basin,2021, Columbia,,59,GISAID,Yes,Figure; Supplemental materials,Yes,Yes,Yes,Table,Yes,Yes,No,No,Yes,No,No,table
197,34651569,Baj 2021,Spike protein evolution in the SARS-CoV-2 Delta variant of concern: a case series from Northern Lombardy,2021, Italy,,97,GISAID,Yes,Table,Yes,Yes,No,Text; Table,Yes,No,Yes,No,Yes,No,Yes,Text
196,34170846,Atsawawaranunt 2021,COVID-19 Transmission among Healthcare Workers at a Quarantine Facility in Thailand: Genomic and Outbreak Investigations,2021, Thailand,,8,GISAID,Yes,Supplemental materials,No,Yes,No,Text,No,No,No,No,Yes,No,No,Text
194,34428777,Annavajhala 2021,Emergence and expansion of SARS-CoV-2 B.1.526 after identification in New York,2021,United States,,1507,GISAID; BioProject,No,Text,Yes,Yes,Yes,Supplemental,Yes,Yes,Yes,Yes,No,Yes,No,Supplemental
192,33871331,Amorim 2021,"Respiratory Viral Shedding in Healthcare Workers Reinfected with SARS-CoV-2, Brazil, 2020",2021,Brazil,,4,GISAID,Yes,Text,Yes,Yes,No,Text; Table,Yes,Yes,No,No,Yes,No,No,table
191,33292923,Amendola 2021,"Evidence of SARS-CoV-2 RNA in an Oropharyngeal Swab Specimen, Milan, Italy, Early December 2019",2021, Italy,,1,GenBank,Yes,Text,Yes,Yes,No,Text,No,No,No,No,Yes,No,No,Text
190,34019466,Amato 2021,Multiple detection and spread of novel strains of the SARS-CoV-2 B.1.177 (B.1.177.75) lineage that test negative by a commercially available nucleocapsid gene real-time RT-PCR,2021, Italy,,18,GISAID,No,Table,No,No,No,,No,No,No,No,Yes,No,No,table
189,33469026,Alteri 2021,"Genomic epidemiology of SARS-CoV-2 reveals multiple lineages and early spread of SARS-CoV-2 infections in Lombardy, Italy",2021, Italy,,371,GISAID; ENA,Yes,Text; Supplemental materials,Yes,Yes,No,Text; Table,Yes,No,No,No,Yes,No,No,table
188,33477951,Alosaimi 2021,"Structural Mapping of Mutations in Spike, RdRp and Orf3a Genes of SARS-CoV-2 in Influenza Like Illness (ILI) Patients",2021, Saudi Arabia,,17,GenBank,Yes,Text; Supplemental materials,Yes,Yes,No,Text; Table,No,No,No,No,Yes,No,No,Text; table
186,34554000,Alemayehu 2021,Whole-Genome Sequences of SARS-CoV-2 Isolates from Ethiopian Patients,2021, Ethiopia,,3,GenBank; GISAID; Sequence read archive (SRA),Yes,Text,No,No,No,,No,Yes,No,No,No,No,No,Text
185,34197207,Alanagreh 2021,New SARS-CoV-2 Variant from Jordan,2021, Jordan,,1,GenBank; GISAID; Sequence read archive (SRA),Yes,Text,Yes,Yes,No,Text,No,Yes,No,No,No,No,No,Text
184,34472974,Alam 2021,Coding-Complete Sequence of a SARS-CoV-2 B.1.1.25 Lineage Obtained from an 8-Day-Old Deceased Neonate,2021, Bangladesh,,1,GenBank; GISAID,Yes,Text,Yes,No,No,Text,No,No,Yes,No,No,No,No,Text
183,33509990,Al-Rashedi 2021,Genome Sequencing of a Novel Coronavirus SARS-CoV-2 Isolate from Iraq,2021, iraq,,1,GenBank; GISAID; Sequence read archive (SRA),Yes,Text,Yes,Yes,Yes,Text,No,No,No,Yes,Yes,No,No,Text
182,33359061,Al-Mahruqi 2021,Molecular epidemiology of COVID-19 in Oman: A molecular and surveillance study for the early transmission of COVID-19 in the country,2020, Oman,,94,GISAID,Yes,Supplemental materials,Yes,Yes,No,Text; Table,No,No,No,No,No,No,No,
181,34949225,Al-Jawabreh 2021,Complete genome sequencing of SARS-CoV-2 strains: A pilot survey in Palestine reveals spike mutation H245N,2021, Palestine,,10,GenBank; GISAID,Yes,Text; Supplemental materials,Yes,Yes,No,Text,No,No,No,No,Yes,No,No,Text
178,34264100,Afrad 2021,Genome Sequences of 15 SARS-CoV-2 Sublineage B.1.617.2 Strains in Bangladesh,, Bangladesh,,15,GenBank; GISAID; Sequence read archive (SRA),Yes,Text; Table; Figure,Yes,No,Yes,Text,No,No,No,No,Yes,No,Yes,Text
177,33707329,Adnan 2021,Coding-Complete Genome Sequences and Mutation Profiles of Nine SARS-CoV-2 Strains Detected from COVID-19 Patients in Bangladesh,2021,India,,9,GenBank; GISAID; Sequence read archive (SRA),Yes,Text; Table,Yes,No,No,Text,No,No,No,No,No,No,No,
175,33937733,Abu-Raddad 2021,SARS-CoV-2 antibody-positivity protects against reinfection for at least seven months with 95% efficacy,2021, Qatar,,23,Not Reported,No,,Yes,Yes,No,Text; Table,No,No,No,No,No,No,No,
171,33835177,Abdalhamid 2021,Genome Analysis for Sequence Variants in SARS-CoV-2 Among Asymptomatic Individuals in a Long-term Care Facility,2021,United States,,7,GISAID,Yes,Table,Yes,Yes,No,Text,No,No,Yes,Yes,Yes,No,No,Text
170,33737349,Aanniz 2021,First Report of a SARS-CoV-2 Genome Sequence with a Spike His69-Val70 Deletion and an Asn439Lys Mutation in Morocco,2021, Morocco,,1,GenBank; GISAID; Sequence read archive (SRA),Yes,Text,No,Yes,No,Text,No,No,No,No,No,No,No,
15,32422201,Böhmer 2020,Investigation of a COVID-19 outbreak in Germany resulting from a single travel-associated primary case: a case series,2020, Germany,,13,GenBank,Yes,Table,Yes,Yes,No,Text,No,Yes,Yes,No,Yes,No,No,Text; table
14,32650631,Beetz 2020,Rapid Large-Scale COVID-19 Testing During Shortages,2020, Germany,,4,GISAID,No,Text,Yes,Yes,No,Text; Figure,No,No,No,No,Yes,No,No,Text; Figure
13,32459984,Bartolini 2020,"SARS-CoV-2 Phylogenetic Analysis, Lazio Region, Italy, February-March 2020",2020, Italy,,9,GISAID,Yes,Text,Yes,Yes,No,Table,No,No,No,No,Yes,No,No,Text
10,32732237,Au 2020,Genome Sequences of SARS-CoV-2 Strains Detected in Hong Kong,2020, Hong Kong,,3,GenBank; GISAID; Sequence read archive (SRA); BioProject; BioSample,Yes,Text,Yes,Yes,No,Text,No,Yes,Yes,Yes,Yes,Yes,No,Text
8,32329971,Arons 2020,Presymptomatic SARS-CoV-2 Infections and Transmission in a Skilled Nursing Facility,2020,United States,,39,GenBank; GISAID,Yes,Supplemental materials,Yes,Yes,No,Table; Supplemental,Yes,No,No,No,Yes,No,No,table; Supplemental
7,33111751,Araujo 2020,SARS-CoV-2 isolation from the first reported patients in Brazil and establishment of a coordinated task network,2020,Brazil,,2,GenBank,Yes,Text,Yes,Yes,No,Text; Table,No,Yes,No,No,Yes,Yes,No,Text; table